Psalm,Video url
Psalm 1 ,https://www.youtube.com/watch?v=Gxj7B-cyOXo
Psalm 2 ,https://www.youtube.com/watch?v=7HAQnp-DDek
Psalm 3,https://www.youtube.com/watch?v=YyknwMjH12o
Psalm 4,https://www.youtube.com/watch?v=qUREqVjJZCE
Psalm 5,https://www.youtube.com/watch?v=cIga-H1w7OA
Psalm 6,https://www.youtube.com/watch?v=HfcWa1ztp6Y
Psalm 7,https://www.youtube.com/watch?v=FPqvRwf9V0A
Psalm 8,https://www.youtube.com/watch?v=k50ZqJg69RA
Psalm 9,https://www.youtube.com/watch?v=G-uQ3ax-moU
Psalm 10,https://www.youtube.com/watch?v=RemzHw0Gzag
Psalm 11,https://www.youtube.com/watch?v=QP0_Rq86vPI
Psalm 12,https://www.youtube.com/watch?v=XkXaXIPyeqc
Psalm 13,https://www.youtube.com/watch?v=ava_cf7eIH4
Psalm 14,https://www.youtube.com/watch?v=7gfrY0hIDOM
Psalm 15,https://www.youtube.com/watch?v=11BP2CixiiQ
Psalm 16,https://www.youtube.com/watch?v=bOngNdwOJEI
Psalm 17,https://www.youtube.com/watch?v=X7Sh2XOLAeA
Psalm 18,https://www.youtube.com/watch?v=Arvo3F-JD10
Psalm 19,https://www.youtube.com/watch?v=5v5FnVDRkXQ
Psalm 20,https://www.youtube.com/watch?v=Qi8QvKJlTQM
Psalm 21,https://www.youtube.com/watch?v=7OE4f3g9vz4
Psalm 22,https://www.youtube.com/watch?v=5Ii4tAt-00w
Psalm 23,https://www.youtube.com/watch?v=yLDqj_SBzPk
Psalm 24,https://www.youtube.com/watch?v=m6POkIiXLa0
Psalm 25,https://www.youtube.com/watch?v=N3V0baFdcjE
Psalm 26,https://www.youtube.com/watch?v=mzouM7AFd8M
Psalm 27,https://www.youtube.com/watch?v=bQPi9IF4Gq8
Psalm 28,https://www.youtube.com/watch?v=LkuCs4US1Dk
Psalm 29,https://www.youtube.com/watch?v=uzESJ52qzSc
Psalm 30,https://www.youtube.com/watch?v=PLwhZKWI0QM
Psalm 31,https://www.youtube.com/watch?v=6iVOPJeG_Bo
Psalm 32,https://www.youtube.com/watch?v=mxtvZYGlYzU
Psalm 33,https://www.youtube.com/watch?v=Z-KztMTU_jQ
Psalm 34,https://www.youtube.com/watch?v=5gpZn3TvQT8
Psalm 35,https://www.youtube.com/watch?v=NUNI31w_nwM
Psalm 36,https://www.youtube.com/watch?v=_1eyD3g6Yzw
Psalm 37a,https://www.youtube.com/watch?v=GsQkccU3nAA
Psalm 37b,https://www.youtube.com/watch?v=UKuQW5euQRI
Psalm 37c,https://www.youtube.com/watch?v=XBsSPsFW6eU
Psalm 38,https://www.youtube.com/watch?v=bZGGXlWKi4Q
Psalm 39,https://www.youtube.com/watch?v=Mc_FeVuk4tk
Psalm 40,https://www.youtube.com/watch?v=0FJCEMfWgT8
Psalm 41,https://www.youtube.com/watch?v=GM1KuG8NRZI
Psalm 42,https://www.youtube.com/watch?v=Ektwwe2kt8Q
Psalm 43,https://www.youtube.com/watch?v=Tyzh8ol-y_U
Psalm 44,https://www.youtube.com/watch?v=RqHlmr4Z9Ok
Psalm 45,https://www.youtube.com/watch?v=c_aJP6_KQ8o
Psalm 46,https://www.youtube.com/watch?v=MhF2Iak54eo
Psalm 47,https://www.youtube.com/watch?v=ZHJqqExWHJ4
Psalm 48,https://www.youtube.com/watch?v=-oV0etTr7go
Psalm 49,https://www.youtube.com/watch?v=BvNGZDntmpQ
Psalm 50,https://www.youtube.com/watch?v=tXYaas4I1I4
Psalm 51,https://www.youtube.com/watch?v=B7UgeQo0UNQ
Psalm 52,https://www.youtube.com/watch?v=byDv5VdtZzo
Psalm 53,https://www.youtube.com/watch?v=rhFCHcJl3HY
Psalm 54,https://www.youtube.com/watch?v=Ny6xh1KiAbA
Psalm 55,https://www.youtube.com/watch?v=1E8EX4nwdWg
Psalm 56,https://www.youtube.com/watch?v=yj-R2zoj8Rw
Psalm 57,https://www.youtube.com/watch?v=Ik3EpynzZ3M
Psalm 58,https://www.youtube.com/watch?v=a_bQanD429Q
Psalm 59,https://www.youtube.com/watch?v=eTbQC1Nu4n8
Psalm 60,https://www.youtube.com/watch?v=co1DgkELhwM
Psalm 61,https://www.youtube.com/watch?v=T437zj8mFYM
Psalm 62,https://www.youtube.com/watch?v=0VbdI1ggCl0
Psalm 63,https://www.youtube.com/watch?v=b4DV7_m48DQ
Psalm 64,https://www.youtube.com/watch?v=TZTjYlu_B5s
Psalm 65,https://www.youtube.com/watch?v=ipTaHkDZaHE
Psalm 66,https://www.youtube.com/watch?v=8X2OKVxXQ8M
Psalm 67,https://www.youtube.com/watch?v=iFU3cak-G84
Psalm 68,https://www.youtube.com/watch?v=1gHN6hQblNM
Psalm 69,https://www.youtube.com/watch?v=XsiQvYYgHCU
Psalm 70,https://www.youtube.com/watch?v=aJjp4muyeZc
Psalm 71,https://www.youtube.com/watch?v=CK6UnKqBBAA
Psalm 72,https://www.youtube.com/watch?v=XZFxcFW6T-s
Psalm 73,https://www.youtube.com/watch?v=kgPJxAdItAE
Psalm 74,https://www.youtube.com/watch?v=Tk3Z5iwuGsQ
Psalm 75,https://www.youtube.com/watch?v=FKF91YoiUps
Psalm 76,https://www.youtube.com/watch?v=CK90t0uRuvE
Psalm 77,https://www.youtube.com/watch?v=gOCSSrlYjLU
Psalm 78,https://www.youtube.com/watch?v=qLwiZNqfWg8
Psalm 79,https://www.youtube.com/watch?v=Q0a9Mv8IWxg
Psalm 80,https://www.youtube.com/watch?v=lhAF2bBYcfg
Psalm 81,https://www.youtube.com/watch?v=Utlab2n496o
Psalm 82,https://www.youtube.com/watch?v=NVUz30t6xYU
Psalm 83,https://www.youtube.com/watch?v=XzjVUGK91-E
Psalm 84,https://www.youtube.com/watch?v=VvRYA4C7JNo
Psalm 85,https://www.youtube.com/watch?v=hzWMQLPY1w0
Psalm 86,https://www.youtube.com/watch?v=_UdeYTesiRY
Psalm 87,https://www.youtube.com/watch?v=eE44i65l7Ac
Psalm 88 ,https://www.youtube.com/watch?v=4siemyqslx4
Psalm 89,https://www.youtube.com/watch?v=WvCNJ5rIZd4
Psalm 90,https://www.youtube.com/watch?v=Qn9z_0Cq3VU
Psalm 91,https://www.youtube.com/watch?v=0yJtc6axEJk
Psalm 92,https://www.youtube.com/watch?v=OdqiIRKXDbI
Psalm 93,https://www.youtube.com/watch?v=LGdlVekjuPI
Psalm 94,https://www.youtube.com/watch?v=EcZOI_bfe2c
Psalm 95,https://www.youtube.com/watch?v=fsVbAbb_6aQ
Psalm 96,https://www.youtube.com/watch?v=ViqH5SB7Hrc
Psalm 97,https://www.youtube.com/watch?v=YNC4Rhq-jwU
Psalm 98,https://www.youtube.com/watch?v=K97r0Tp8Kk8
Psalm 99,https://www.youtube.com/watch?v=5xrzR6EvtFI
Psalm 100,https://www.youtube.com/watch?v=emcVpiXi2uk
Psalm 101,https://www.youtube.com/watch?v=duIPQ_oxfQE
Psalm 102,https://www.youtube.com/watch?v=KivclalhaGo
Psalm 103,https://www.youtube.com/watch?v=nEMjCi36F2c
Psalm 104,https://www.youtube.com/watch?v=wjeiZL_bUEA
Psalm 105,https://www.youtube.com/watch?v=SYKOUvDw8mo
Psalm 106,https://www.youtube.com/watch?v=IPUsgG6FgDk
Psalm 107,https://www.youtube.com/watch?v=sbS1Zk4_WFQ
Psalm 108,https://www.youtube.com/watch?v=X2UpbhuoKoU
Psalm 109,https://www.youtube.com/watch?v=NiJ5K-921eE
Psalm 110,https://www.youtube.com/watch?v=Y-tBTmI5KVE
Psalm 111,https://www.youtube.com/watch?v=T730XuMHsbA
Psalm 112,https://www.youtube.com/watch?v=veFOJeG_-3w
Psalm 113,https://www.youtube.com/watch?v=wEn6cQSOGbk
Psalm 114,https://www.youtube.com/watch?v=FkiCrBOjvts